{"lang": "ja", "upper": "S", "zipex": "154-0023,350-1106,951-8073,112-0001,208-0032,231-0012,951-8073", "sub_zips": "0[4-9]|00[1-7]~03|018~02~98~01~99~9[67]~3[01]~32|311|349~37|38[49]~3[3-6]~2[6-9]~1[0-8]|19[0-8]|20~2[1-5]|199~9[45]|389~93~92|939~91|922~40~3[89]|949~50~4[1-9]~4[4-9]|431~51|498|647~52~6[0-2]|520~5[3-9]|618|630~6[5-7]|563~63|64[78]~64|519~68~69|68[45]~7[01]~7[23]~7[45]~77~76~79~78~8[0-3]|871~84~85|81[17]|848~86~87|839~88~89~90", "zip": "\\d{3}-?\\d{4}", "fmt": "〒%Z%n%S%C%n%A%n%O%n%N", "posturl": "http://search.post.japanpost.jp/zipcode/", "state_name_type": "prefecture", "languages": "ja", "lfmt": "%N%n%O%n%A%n%C, %S%n%Z", "sub_lnames": "Hokkaido~Aomori~Iwate~Miyagi~Akita~Yamagata~Fukushima~Ibaraki~Tochigi~Gunma~Saitama~Chiba~Tokyo~Kanagawa~Niigata~Toyama~Ishikawa~Fukui~Yamanashi~Nagano~Gifu~Shizuoka~Aichi~Mie~Shiga~Kyoto~Osaka~Hyogo~Nara~Wakayama~Tottori~Shimane~Okayama~Hiroshima~Yamaguchi~Tokushima~Kagawa~Ehime~Kochi~Fukuoka~Saga~Nagasaki~Kumamoto~Oita~Miyazaki~Kagoshima~Okinawa", "sub_keys": "北海道~青森県~岩手県~宮城県~秋田県~山形県~福島県~茨城県~栃木県~群馬県~埼玉県~千葉県~東京都~神奈川県~新潟県~富山県~石川県~福井県~山梨県~長野県~岐阜県~静岡県~愛知県~三重県~滋賀県~京都府~大阪府~兵庫県~奈良県~和歌山県~鳥取県~島根県~岡山県~広島県~山口県~徳島県~香川県~愛媛県~高知県~福岡県~佐賀県~長崎県~熊本県~大分県~宮崎県~鹿児島県~沖縄県", "key": "JP", "sub_isoids": "01~02~03~04~05~06~07~08~09~10~11~12~13~14~15~16~17~18~19~20~21~22~23~24~25~26~27~28~29~30~31~32~33~34~35~36~37~38~39~40~41~42~43~44~45~46~47", "require": "ACSZ", "id": "data/JP", "name": "JAPAN"}